uuid,match_id,participants,game_creation,game_length,game_version,tft_set_number,puuid,summoner_name,level,placement,last_round,time_eliminated,total_damage_to_players,players_eliminated,arcana,chrono,dragon,druid,eldritch,faerie,frost,honeymancy,portal,pyro,ravenous,sugarcraft,witchcraft,ascendant,bastion,batqueen,blaster,explorer,hunter,incantor,mage,multistriker,preserver,scholar,shapeshifter,vanguard,warrior,
NA1_5127876151_VeXtOJDJV2Zvx1E_43E3itOp8uaKIVeABXDOGxT48uQC4opIoD3KK04aqkIUJMB4AF8DkjJwT4zA5w,NA1_5127876151,"[""wigglywu"", ""MSJ Ahn"", ""Kurumx"", ""LF JOB NYC"", ""Jomei"", ""VIT k3soju"", ""Phoenixaa"", ""MSJ Cosmo""]",1.72822E+12,2036.3944091796875,Linux Version 14.19.622.3713 (Sep 28 2024/22:55:56) [PUBLIC] <Releases/14.19>,12,VeXtOJDJV2Zvx1E_43E3itOp8uaKIVeABXDOGxT48uQC4opIoD3KK04aqkIUJMB4AF8DkjJwT4zA5w,VIT k3soju,9,2,35,2023.205322265625,131,2,4,0,0,0,0,1,0,0,0,2,0,2,0,1,2,0,2,0,0,0,0,1,2,2,0,2,0,
NA1_5127873880_VeXtOJDJV2Zvx1E_43E3itOp8uaKIVeABXDOGxT48uQC4opIoD3KK04aqkIUJMB4AF8DkjJwT4zA5w,NA1_5127873880,"[""MSJ Ahn"", ""VIT k3soju"", ""syz fanboy 2"", ""ZTK"", ""Connerisme"", ""Ceiling"", ""me1stor8th"", ""Phoenixaa""]",1.72822E+12,2126.830810546875,Linux Version 14.19.622.3713 (Sep 28 2024/22:55:56) [PUBLIC] <Releases/14.19>,12,VeXtOJDJV2Zvx1E_43E3itOp8uaKIVeABXDOGxT48uQC4opIoD3KK04aqkIUJMB4AF8DkjJwT4zA5w,VIT k3soju,8,5,30,1732.1656494140625,92,1,0,2,0,0,0,0,8,1,0,0,0,0,0,0,1,0,1,0,2,1,0,0,1,0,1,2,0,
NA1_5127868013_VeXtOJDJV2Zvx1E_43E3itOp8uaKIVeABXDOGxT48uQC4opIoD3KK04aqkIUJMB4AF8DkjJwT4zA5w,NA1_5127868013,"[""me1stor8th"", ""syz fanboy 2"", ""ZTK"", ""MrBombastic"", ""VIT k3soju"", ""\u529dj\u4ece\u826f\u4e36Last\u6ce2"", ""Ceiling"", ""Phoenixaa""]",1.72821E+12,2043.711426,Linux Version 14.19.622.3713 (Sep 28 2024/22:55:56) [PUBLIC] <Releases/14.19>,12,VeXtOJDJV2Zvx1E_43E3itOp8uaKIVeABXDOGxT48uQC4opIoD3KK04aqkIUJMB4AF8DkjJwT4zA5w,VIT k3soju,8,3,33,1968.368896484375,116,1,1,2,0,0,0,5,1,0,0,0,0,1,0,0,2,0,1,0,0,0,0,3,3,0,0,0,1,
NA1_5127859890_VeXtOJDJV2Zvx1E_43E3itOp8uaKIVeABXDOGxT48uQC4opIoD3KK04aqkIUJMB4AF8DkjJwT4zA5w,NA1_5127859890,"[""Phoenixaa"", ""syz fanboy 2"", ""ZTK"", ""VIT k3soju"", ""blues"", ""Ceiling"", ""Kiyoon"", ""me1stor8th""]",1.72821E+12,2235.075439453125,Linux Version 14.19.622.3713 (Sep 28 2024/22:55:56) [PUBLIC] <Releases/14.19>,12,VeXtOJDJV2Zvx1E_43E3itOp8uaKIVeABXDOGxT48uQC4opIoD3KK04aqkIUJMB4AF8DkjJwT4zA5w,VIT k3soju,9,4,35,2090.507080078125,135,1,2,2,0,0,0,5,1,0,0,0,0,1,0,1,2,0,0,0,0,0,0,3,3,2,0,0,1,
NA1_5127879583_VeXtOJDJV2Zvx1E_43E3itOp8uaKIVeABXDOGxT48uQC4opIoD3KK04aqkIUJMB4AF8DkjJwT4zA5w,NA1_5127879583,"[""LadyLuck"", ""sexpert"", ""MSJ Cosmo"", ""149cm"", ""Kurumx"", ""me1stor8th"", ""VIT k3soju"", ""\u529dj\u4ece\u826f\u4e36Last\u6ce2""]",1.72822E+12,2010.4537353515625,Linux Version 14.19.622.3713 (Sep 28 2024/22:55:56) [PUBLIC] <Releases/14.19>,12,VeXtOJDJV2Zvx1E_43E3itOp8uaKIVeABXDOGxT48uQC4opIoD3KK04aqkIUJMB4AF8DkjJwT4zA5w,VIT k3soju,9,4,31,1774.0360107421875,89,0,2,1,0,0,0,0,7,0,0,0,0,0,0,0,2,0,1,0,2,0,0,1,1,0,1,2,0,
NA1_5127844657_VeXtOJDJV2Zvx1E_43E3itOp8uaKIVeABXDOGxT48uQC4opIoD3KK04aqkIUJMB4AF8DkjJwT4zA5w,NA1_5127844657,"[""VIT k3soju"", ""VIT setsuko"", ""brainlaggg"", ""Connerisme"", ""Chef"", ""Phoenixaa"", ""Wong Fei Hung EX"", ""Kiyoon""]",1.72821E+12,2003.245361328125,Linux Version 14.19.622.3713 (Sep 28 2024/22:55:56) [PUBLIC] <Releases/14.19>,12,VeXtOJDJV2Zvx1E_43E3itOp8uaKIVeABXDOGxT48uQC4opIoD3KK04aqkIUJMB4AF8DkjJwT4zA5w,VIT k3soju,9,2,35,1990.0775146484375,113,2,0,2,0,0,0,3,1,0,0,0,0,2,2,0,1,1,0,0,0,1,0,0,5,2,0,0,2,
NA1_5127837193_VeXtOJDJV2Zvx1E_43E3itOp8uaKIVeABXDOGxT48uQC4opIoD3KK04aqkIUJMB4AF8DkjJwT4zA5w,NA1_5127837193,"[""VIT setsuko"", ""Marcel P Clash"", ""Kiyoon"", ""VIT k3soju"", ""CookiesOP"", ""Carelessd"", ""Squiggle"", ""Kurumx""]",1.72821E+12,2120.11084,Linux Version 14.19.622.3713 (Sep 28 2024/22:55:56) [PUBLIC] <Releases/14.19>,12,VeXtOJDJV2Zvx1E_43E3itOp8uaKIVeABXDOGxT48uQC4opIoD3KK04aqkIUJMB4AF8DkjJwT4zA5w,VIT k3soju,9,1,38,2106.943603515625,154,1,0,6,0,0,0,1,1,0,0,0,0,2,1,0,0,0,0,0,0,1,1,2,4,1,0,0,2,
NA1_5127828954_VeXtOJDJV2Zvx1E_43E3itOp8uaKIVeABXDOGxT48uQC4opIoD3KK04aqkIUJMB4AF8DkjJwT4zA5w,NA1_5127828954,"[""robinsongz"", ""Carelessd"", ""Squiggle"", ""Kurumx"", ""Kiyoon"", ""CookiesOP"", ""VIT setsuko"", ""VIT k3soju""]",1.7282E+12,1822.8865966796875,Linux Version 14.19.622.3713 (Sep 28 2024/22:55:56) [PUBLIC] <Releases/14.19>,12,VeXtOJDJV2Zvx1E_43E3itOp8uaKIVeABXDOGxT48uQC4opIoD3KK04aqkIUJMB4AF8DkjJwT4zA5w,VIT k3soju,9,2,32,1811.0220947265625,121,0,0,2,0,0,1,0,1,0,1,0,1,1,6,0,0,1,0,0,0,2,0,0,2,1,2,0,2,
NA1_5127811060_VeXtOJDJV2Zvx1E_43E3itOp8uaKIVeABXDOGxT48uQC4opIoD3KK04aqkIUJMB4AF8DkjJwT4zA5w,NA1_5127811060,"[""VIT k3soju"", ""PurePiss"", ""Kiyoon"", ""yolomycolin"", ""robinsongz"", ""brainlaggg"", ""sirmasterapu"", ""VIT setsuko""]",1.7282E+12,2031.791992,Linux Version 14.19.622.3713 (Sep 28 2024/22:55:56) [PUBLIC] <Releases/14.19>,12,VeXtOJDJV2Zvx1E_43E3itOp8uaKIVeABXDOGxT48uQC4opIoD3KK04aqkIUJMB4AF8DkjJwT4zA5w,VIT k3soju,9,1,37,2018.625,164,4,0,2,0,0,1,0,1,0,1,0,1,0,8,0,1,1,0,0,0,2,0,0,2,1,2,0,1,
NA1_5127795754_VeXtOJDJV2Zvx1E_43E3itOp8uaKIVeABXDOGxT48uQC4opIoD3KK04aqkIUJMB4AF8DkjJwT4zA5w,NA1_5127795754,"[""kpk618"", ""CookiesOP"", ""morellos"", ""imriveting"", ""Bruhbruhbruh WHO"", ""VIT k3soju"", ""VIT setsuko"", ""jasonhu432""]",1.7282E+12,2112.858642578125,Linux Version 14.19.622.3713 (Sep 28 2024/22:55:56) [PUBLIC] <Releases/14.19>,12,VeXtOJDJV2Zvx1E_43E3itOp8uaKIVeABXDOGxT48uQC4opIoD3KK04aqkIUJMB4AF8DkjJwT4zA5w,VIT k3soju,9,2,35,2099.6875,160,2,0,2,0,0,1,1,1,0,0,1,1,2,2,0,0,1,0,0,0,1,0,0,4,1,2,0,2,
NA1_5127767202_VeXtOJDJV2Zvx1E_43E3itOp8uaKIVeABXDOGxT48uQC4opIoD3KK04aqkIUJMB4AF8DkjJwT4zA5w,NA1_5127767202,"[""Darth Nub"", ""Kiyoon"", ""flamez"", ""POOGERS"", ""VIT k3soju"", ""VIT setsuko"", ""kpk618"", ""300 ping pog""]",1.7282E+12,2217.29834,Linux Version 14.19.622.3713 (Sep 28 2024/22:55:56) [PUBLIC] <Releases/14.19>,12,VeXtOJDJV2Zvx1E_43E3itOp8uaKIVeABXDOGxT48uQC4opIoD3KK04aqkIUJMB4AF8DkjJwT4zA5w,VIT k3soju,10,2,38,2204.78125,128,2,3,2,1,0,0,2,0,0,0,2,0,1,2,1,2,1,4,0,0,1,0,0,2,2,0,2,0,
NA1_5127749800_VeXtOJDJV2Zvx1E_43E3itOp8uaKIVeABXDOGxT48uQC4opIoD3KK04aqkIUJMB4AF8DkjJwT4zA5w,NA1_5127749800,"[""POOGERS"", ""StoneShi"", ""imriveting"", ""LemonVip"", ""Scoped"", ""mrotdog"", ""VIT k3soju"", ""Notes""]",1.7282E+12,2282.342285,Linux Version 14.19.622.3713 (Sep 28 2024/22:55:56) [PUBLIC] <Releases/14.19>,12,VeXtOJDJV2Zvx1E_43E3itOp8uaKIVeABXDOGxT48uQC4opIoD3KK04aqkIUJMB4AF8DkjJwT4zA5w,VIT k3soju,8,7,26,1495.7054443359375,34,0,4,0,0,0,0,0,0,0,0,2,0,2,0,1,2,0,2,0,0,0,0,1,1,2,0,2,0,
NA1_5127721994_VeXtOJDJV2Zvx1E_43E3itOp8uaKIVeABXDOGxT48uQC4opIoD3KK04aqkIUJMB4AF8DkjJwT4zA5w,NA1_5127721994,"[""POOGERS"", ""Hanneko"", ""VIT k3soju"", ""VIT setsuko"", ""Brucelolll"", ""ponxwx"", ""robinsongz"", ""8th player""]",1.72819E+12,2199.794677734375,Linux Version 14.19.622.3713 (Sep 28 2024/22:55:56) [PUBLIC] <Releases/14.19>,12,VeXtOJDJV2Zvx1E_43E3itOp8uaKIVeABXDOGxT48uQC4opIoD3KK04aqkIUJMB4AF8DkjJwT4zA5w,VIT k3soju,9,3,34,1993.7857666015625,98,1,0,2,0,0,1,1,1,0,0,1,1,2,2,0,0,1,0,0,0,1,0,0,4,1,2,0,2,
NA1_5127690769_VeXtOJDJV2Zvx1E_43E3itOp8uaKIVeABXDOGxT48uQC4opIoD3KK04aqkIUJMB4AF8DkjJwT4zA5w,NA1_5127690769,"[""robinsongz"", ""1vs9peter"", ""Legolas"", ""POOGERS"", ""Cane Rack"", ""Project Tempo"", ""VIT k3soju"", ""Brucelolll""]",1.72819E+12,2177.168457,Linux Version 14.19.622.3713 (Sep 28 2024/22:55:56) [PUBLIC] <Releases/14.19>,12,VeXtOJDJV2Zvx1E_43E3itOp8uaKIVeABXDOGxT48uQC4opIoD3KK04aqkIUJMB4AF8DkjJwT4zA5w,VIT k3soju,9,2,38,2164.100586,173,3,2,0,0,0,0,0,0,0,0,0,0,5,2,1,0,1,1,0,1,0,1,0,2,1,0,2,2,
NA1_5127651094_VeXtOJDJV2Zvx1E_43E3itOp8uaKIVeABXDOGxT48uQC4opIoD3KK04aqkIUJMB4AF8DkjJwT4zA5w,NA1_5127651094,"[""jasonhu432"", ""VIT k3soju"", ""Carelessd"", ""1vs9peter"", ""VIT prestivent"", ""ponxwx"", ""Brucelolll"", ""sunjong kang""]",1.72819E+12,2339.099365234375,Linux Version 14.19.622.3713 (Sep 28 2024/22:55:56) [PUBLIC] <Releases/14.19>,12,VeXtOJDJV2Zvx1E_43E3itOp8uaKIVeABXDOGxT48uQC4opIoD3KK04aqkIUJMB4AF8DkjJwT4zA5w,VIT k3soju,9,2,40,2326.031005859375,150,3,3,0,0,0,1,3,0,0,0,1,0,2,1,1,0,0,0,0,0,0,0,1,2,1,0,1,6,
NA1_5127624310_VeXtOJDJV2Zvx1E_43E3itOp8uaKIVeABXDOGxT48uQC4opIoD3KK04aqkIUJMB4AF8DkjJwT4zA5w,NA1_5127624310,"[""B\u00e9aster"", ""DonoHS"", ""iniko"", ""VIT k3soju"", ""dpei"", ""PanicRoll"", ""N\u00f8sk"", ""Gurpin""]",1.72819E+12,2112.373291015625,Linux Version 14.19.622.3713 (Sep 28 2024/22:55:56) [PUBLIC] <Releases/14.19>,12,VeXtOJDJV2Zvx1E_43E3itOp8uaKIVeABXDOGxT48uQC4opIoD3KK04aqkIUJMB4AF8DkjJwT4zA5w,VIT k3soju,8,7,28,1596.110352,63,0,3,6,0,0,0,0,1,0,0,0,0,0,0,1,1,0,0,0,1,1,1,3,1,0,0,1,0,
NA1_5127598435_VeXtOJDJV2Zvx1E_43E3itOp8uaKIVeABXDOGxT48uQC4opIoD3KK04aqkIUJMB4AF8DkjJwT4zA5w,NA1_5127598435,"[""Kaiweng"", ""imriveting"", ""iniko"", ""Sully"", ""VIT k3soju"", ""Ceiling"", ""DavidAs"", ""Lab 003 Broseph""]",1.72818E+12,2173.288330078125,Linux Version 14.19.622.3713 (Sep 28 2024/22:55:56) [PUBLIC] <Releases/14.19>,12,VeXtOJDJV2Zvx1E_43E3itOp8uaKIVeABXDOGxT48uQC4opIoD3KK04aqkIUJMB4AF8DkjJwT4zA5w,VIT k3soju,8,8,26,1470.1451416015625,48,0,2,2,0,0,0,0,1,0,0,0,0,2,2,0,0,0,0,0,0,2,0,0,2,2,0,1,2,
NA1_5127574826_VeXtOJDJV2Zvx1E_43E3itOp8uaKIVeABXDOGxT48uQC4opIoD3KK04aqkIUJMB4AF8DkjJwT4zA5w,NA1_5127574826,"[""XTheFarmerX"", ""\u529dj\u4ece\u826f\u4e36Last\u6ce2"", ""Cottontail"", ""Kaiweng"", ""imriveting"", ""ThisJX"", ""Hi Im Ted"", ""VIT k3soju""]",1.72818E+12,1977.6807861328125,Linux Version 14.19.622.3713 (Sep 28 2024/22:55:56) [PUBLIC] <Releases/14.19>,12,VeXtOJDJV2Zvx1E_43E3itOp8uaKIVeABXDOGxT48uQC4opIoD3KK04aqkIUJMB4AF8DkjJwT4zA5w,VIT k3soju,8,7,27,1556.205810546875,56,0,0,0,0,0,0,0,1,0,8,0,0,0,1,0,2,0,0,1,0,0,2,1,0,3,1,1,0,
NA1_5127540241_VeXtOJDJV2Zvx1E_43E3itOp8uaKIVeABXDOGxT48uQC4opIoD3KK04aqkIUJMB4AF8DkjJwT4zA5w,NA1_5127540241,"[""robinsongz"", ""Lab 003 Broseph"", ""Sully"", ""VIT k3soju"", ""DavidAs"", ""Lab 018 biribiri"", ""Kaiweng"", ""Waffle""]",1.72818E+12,2128.578369140625,Linux Version 14.19.622.3713 (Sep 28 2024/22:55:56) [PUBLIC] <Releases/14.19>,12,VeXtOJDJV2Zvx1E_43E3itOp8uaKIVeABXDOGxT48uQC4opIoD3KK04aqkIUJMB4AF8DkjJwT4zA5w,VIT k3soju,9,3,34,1971.3883056640625,124,2,0,0,0,0,1,3,0,0,0,1,0,2,2,0,0,1,0,0,0,0,0,1,3,2,0,0,6,
NA1_5127512370_VeXtOJDJV2Zvx1E_43E3itOp8uaKIVeABXDOGxT48uQC4opIoD3KK04aqkIUJMB4AF8DkjJwT4zA5w,NA1_5127512370,"[""imriveting"", ""VIT k3soju"", ""Brucelolll"", ""POOGERS"", ""Waffle"", ""PanicRoll"", ""robinsongz"", ""tyreaal""]",1.72818E+12,1899.726074,Linux Version 14.19.622.3713 (Sep 28 2024/22:55:56) [PUBLIC] <Releases/14.19>,12,VeXtOJDJV2Zvx1E_43E3itOp8uaKIVeABXDOGxT48uQC4opIoD3KK04aqkIUJMB4AF8DkjJwT4zA5w,VIT k3soju,9,3,33,1885.2059326171875,143,1,0,2,0,0,1,0,7,0,0,0,1,1,0,0,1,0,1,0,2,1,0,0,2,1,2,2,0,
NA1_5127487938_VeXtOJDJV2Zvx1E_43E3itOp8uaKIVeABXDOGxT48uQC4opIoD3KK04aqkIUJMB4AF8DkjJwT4zA5w,NA1_5127487938,"[""\u529dj\u4ece\u826f\u4e36Last\u6ce2"", ""Mean Mister Kien"", ""sunjong kang"", ""robinsongz"", ""iniko"", ""Ramblinnn"", ""PMD JOE BOOKMARK"", ""VIT k3soju""]",1.72818E+12,2093.128662109375,Linux Version 14.19.622.3713 (Sep 28 2024/22:55:56) [PUBLIC] <Releases/14.19>,12,VeXtOJDJV2Zvx1E_43E3itOp8uaKIVeABXDOGxT48uQC4opIoD3KK04aqkIUJMB4AF8DkjJwT4zA5w,VIT k3soju,9,2,35,2079.925781,121,2,0,0,0,0,1,3,1,0,0,1,0,2,2,0,2,1,0,0,0,0,0,1,2,0,0,0,6,
NA1_5127460561_VeXtOJDJV2Zvx1E_43E3itOp8uaKIVeABXDOGxT48uQC4opIoD3KK04aqkIUJMB4AF8DkjJwT4zA5w,NA1_5127460561,"[""Carelessd"", ""PMD JOE BOOKMARK"", ""\u4e45\u4e45\u4e4b"", ""brainlaggg"", ""VIT k3soju"", ""\u529dj\u4ece\u826f\u4e36Last\u6ce2"", ""guubums"", ""Brucelolll""]",1.72817E+12,2275.180908203125,Linux Version 14.19.622.3713 (Sep 28 2024/22:55:56) [PUBLIC] <Releases/14.19>,12,VeXtOJDJV2Zvx1E_43E3itOp8uaKIVeABXDOGxT48uQC4opIoD3KK04aqkIUJMB4AF8DkjJwT4zA5w,VIT k3soju,9,8,26,1533.833740234375,36,0,2,2,0,0,0,5,1,0,0,0,0,0,0,0,2,0,0,0,0,0,1,3,2,2,0,0,0,
NA1_5127440404_VeXtOJDJV2Zvx1E_43E3itOp8uaKIVeABXDOGxT48uQC4opIoD3KK04aqkIUJMB4AF8DkjJwT4zA5w,NA1_5127440404,"[""VIT k3soju"", ""SSAAMM7"", ""ThisJX"", ""Pun"", ""Darvinism"", ""XTheFarmerX"", ""Mean Mister Kien"", ""\u529dj\u4ece\u826f\u4e36Last\u6ce2""]",1.72817E+12,2423.845947265625,Linux Version 14.19.622.3713 (Sep 28 2024/22:55:56) [PUBLIC] <Releases/14.19>,12,VeXtOJDJV2Zvx1E_43E3itOp8uaKIVeABXDOGxT48uQC4opIoD3KK04aqkIUJMB4AF8DkjJwT4zA5w,VIT k3soju,8,6,27,1598.0572509765625,57,0,4,0,0,0,0,0,0,0,0,2,0,2,1,0,2,1,2,0,0,0,0,1,2,2,0,2,0,
NA1_5127415653_VeXtOJDJV2Zvx1E_43E3itOp8uaKIVeABXDOGxT48uQC4opIoD3KK04aqkIUJMB4AF8DkjJwT4zA5w,NA1_5127415653,"[""VIT k3soju"", ""Hanneko"", ""Pun"", ""guubums"", ""PMD LILTOP"", ""RamKev"", ""XTheFarmerX"", ""\u529dj\u4ece\u826f\u4e36Last\u6ce2""]",1.72817E+12,2012.291748046875,Linux Version 14.19.622.3713 (Sep 28 2024/22:55:56) [PUBLIC] <Releases/14.19>,12,VeXtOJDJV2Zvx1E_43E3itOp8uaKIVeABXDOGxT48uQC4opIoD3KK04aqkIUJMB4AF8DkjJwT4zA5w,VIT k3soju,8,6,30,1710.6658935546875,89,0,2,0,0,0,1,0,0,0,0,5,1,1,0,0,2,0,2,0,0,0,0,2,0,0,2,2,1,
NA1_5127401051_VeXtOJDJV2Zvx1E_43E3itOp8uaKIVeABXDOGxT48uQC4opIoD3KK04aqkIUJMB4AF8DkjJwT4zA5w,NA1_5127401051,"[""ThisJX"", ""\u529dj\u4ece\u826f\u4e36Last\u6ce2"", ""guubums"", ""Hanneko"", ""Frodan"", ""PMD LILTOP"", ""NotNotGeno"", ""VIT k3soju""]",1.72817E+12,2078.735352,Linux Version 14.19.622.3713 (Sep 28 2024/22:55:56) [PUBLIC] <Releases/14.19>,12,VeXtOJDJV2Zvx1E_43E3itOp8uaKIVeABXDOGxT48uQC4opIoD3KK04aqkIUJMB4AF8DkjJwT4zA5w,VIT k3soju,8,2,37,2065.566895,179,2,0,1,1,1,0,0,3,1,0,0,0,2,0,0,0,0,0,0,6,0,0,0,2,1,0,0,0,
NA1_5127377123_VeXtOJDJV2Zvx1E_43E3itOp8uaKIVeABXDOGxT48uQC4opIoD3KK04aqkIUJMB4AF8DkjJwT4zA5w,NA1_5127377123,"[""robinsongz"", ""RamKev"", ""VIT k3soju"", ""sunjong kang"", ""Scoped"", ""guubums"", ""PMD LILTOP"", ""Kiyoon""]",1.72817E+12,2282.750488,Linux Version 14.19.622.3713 (Sep 28 2024/22:55:56) [PUBLIC] <Releases/14.19>,12,VeXtOJDJV2Zvx1E_43E3itOp8uaKIVeABXDOGxT48uQC4opIoD3KK04aqkIUJMB4AF8DkjJwT4zA5w,VIT k3soju,8,7,31,1884.523438,83,0,1,1,0,0,7,0,0,0,0,0,0,0,0,0,0,0,0,0,0,2,1,1,0,0,1,2,1,
NA1_5127352469_VeXtOJDJV2Zvx1E_43E3itOp8uaKIVeABXDOGxT48uQC4opIoD3KK04aqkIUJMB4AF8DkjJwT4zA5w,NA1_5127352469,"[""Kiyoon"", ""guubums"", ""VIT k3soju"", ""RamKev"", ""PanicRoll"", ""Xender"", ""DimDot"", ""\u529dj\u4ece\u826f\u4e36Last\u6ce2""]",1.72816E+12,2042.550048828125,Linux Version 14.19.622.3713 (Sep 28 2024/22:55:56) [PUBLIC] <Releases/14.19>,12,VeXtOJDJV2Zvx1E_43E3itOp8uaKIVeABXDOGxT48uQC4opIoD3KK04aqkIUJMB4AF8DkjJwT4zA5w,VIT k3soju,9,3,33,1959.337891,87,0,3,2,0,0,0,1,2,0,0,0,0,3,1,1,1,1,1,0,0,1,0,0,4,1,0,2,0,
NA1_5127332350_VeXtOJDJV2Zvx1E_43E3itOp8uaKIVeABXDOGxT48uQC4opIoD3KK04aqkIUJMB4AF8DkjJwT4zA5w,NA1_5127332350,"[""\u529dj\u4ece\u826f\u4e36Last\u6ce2"", ""RamKev"", ""PMD JOE BOOKMARK"", ""Kaiweng"", ""VIT k3soju"", ""igotagudusername"", ""Kiyoon"", ""Xender""]",1.72816E+12,2018.5794677734375,Linux Version 14.19.622.3713 (Sep 28 2024/22:55:56) [PUBLIC] <Releases/14.19>,12,VeXtOJDJV2Zvx1E_43E3itOp8uaKIVeABXDOGxT48uQC4opIoD3KK04aqkIUJMB4AF8DkjJwT4zA5w,VIT k3soju,9,2,34,2005.4110107421875,123,1,4,0,0,0,0,0,0,0,0,2,0,2,1,1,2,1,2,0,0,0,0,1,2,2,0,2,0,
NA1_5127320135_VeXtOJDJV2Zvx1E_43E3itOp8uaKIVeABXDOGxT48uQC4opIoD3KK04aqkIUJMB4AF8DkjJwT4zA5w,NA1_5127320135,"[""shonge"", ""SZK isjerboa"", ""jasonhu432"", ""DimDot"", ""PMD LILTOP"", ""VIT k3soju"", ""igotagudusername"", ""ThisJX""]",1.72816E+12,2063.731934,Linux Version 14.19.622.3713 (Sep 28 2024/22:55:56) [PUBLIC] <Releases/14.19>,12,VeXtOJDJV2Zvx1E_43E3itOp8uaKIVeABXDOGxT48uQC4opIoD3KK04aqkIUJMB4AF8DkjJwT4zA5w,VIT k3soju,8,7,26,1504.649169921875,41,0,4,2,1,0,0,0,1,0,0,4,0,2,0,1,2,0,2,0,0,0,0,2,2,1,0,2,1,
NA1_5127300129_VeXtOJDJV2Zvx1E_43E3itOp8uaKIVeABXDOGxT48uQC4opIoD3KK04aqkIUJMB4AF8DkjJwT4zA5w,NA1_5127300129,"[""VIT setsuko"", ""DimDot"", ""VIT k3soju"", ""LemonVip"", ""jasonhu432"", ""dink my oiter"", ""Ceiling"", ""imriveting""]",1.72816E+12,2152.050048828125,Linux Version 14.19.622.3713 (Sep 28 2024/22:55:56) [PUBLIC] <Releases/14.19>,12,VeXtOJDJV2Zvx1E_43E3itOp8uaKIVeABXDOGxT48uQC4opIoD3KK04aqkIUJMB4AF8DkjJwT4zA5w,VIT k3soju,8,6,31,1810.936035,93,0,4,0,0,0,0,0,0,0,0,2,0,2,0,1,2,0,2,0,0,0,0,1,1,2,0,2,0,
NA1_5127276487_VeXtOJDJV2Zvx1E_43E3itOp8uaKIVeABXDOGxT48uQC4opIoD3KK04aqkIUJMB4AF8DkjJwT4zA5w,NA1_5127276487,"[""jasonhu432"", ""VIT k3soju"", ""DimDot"", ""trll"", ""UTRASH"", ""Ceiling"", ""ThisJX"", ""biggest bozo""]",1.72816E+12,2169.051758,Linux Version 14.19.622.3713 (Sep 28 2024/22:55:56) [PUBLIC] <Releases/14.19>,12,VeXtOJDJV2Zvx1E_43E3itOp8uaKIVeABXDOGxT48uQC4opIoD3KK04aqkIUJMB4AF8DkjJwT4zA5w,VIT k3soju,10,2,38,2155.732422,147,0,3,2,0,0,0,5,1,0,0,0,0,1,1,1,2,1,0,0,0,0,0,3,4,2,0,0,0,
NA1_5127245594_VeXtOJDJV2Zvx1E_43E3itOp8uaKIVeABXDOGxT48uQC4opIoD3KK04aqkIUJMB4AF8DkjJwT4zA5w,NA1_5127245594,"[""TOR Relic"", ""Frodan"", ""Kurumx"", ""PestControl"", ""Theblender"", ""VIT k3soju"", ""mori jp1"", ""Mild mannered""]",1.72815E+12,2093.728027,Linux Version 14.19.622.3713 (Sep 28 2024/22:55:56) [PUBLIC] <Releases/14.19>,12,VeXtOJDJV2Zvx1E_43E3itOp8uaKIVeABXDOGxT48uQC4opIoD3KK04aqkIUJMB4AF8DkjJwT4zA5w,VIT k3soju,10,1,37,2080.544922,190,3,2,2,0,0,0,5,1,0,0,0,0,0,1,1,2,1,0,0,0,0,0,3,3,1,0,0,1,
NA1_5127236909_VeXtOJDJV2Zvx1E_43E3itOp8uaKIVeABXDOGxT48uQC4opIoD3KK04aqkIUJMB4AF8DkjJwT4zA5w,NA1_5127236909,"[""Burn My Dread"", ""Theblender"", ""chiuonthese"", ""Darkseid IS"", ""TOR Relic"", ""mori jp1"", ""VIT k3soju"", ""Shuang Shuang""]",1.72815E+12,2166.378173828125,Linux Version 14.19.622.3713 (Sep 28 2024/22:55:56) [PUBLIC] <Releases/14.19>,12,VeXtOJDJV2Zvx1E_43E3itOp8uaKIVeABXDOGxT48uQC4opIoD3KK04aqkIUJMB4AF8DkjJwT4zA5w,VIT k3soju,9,1,36,2153.760742,186,3,1,6,0,0,0,0,2,0,0,0,0,1,1,0,2,1,0,0,0,2,1,3,3,1,0,0,0,
NA1_5127216459_VeXtOJDJV2Zvx1E_43E3itOp8uaKIVeABXDOGxT48uQC4opIoD3KK04aqkIUJMB4AF8DkjJwT4zA5w,NA1_5127216459,"[""VIT k3soju"", ""Choppa"", ""2 Brain Cell"", ""StoneShi"", ""humble no ego"", ""ThisJX"", ""Kurumx"", ""mori jp1""]",1.72815E+12,2156.328613,Linux Version 14.19.622.3713 (Sep 28 2024/22:55:56) [PUBLIC] <Releases/14.19>,12,VeXtOJDJV2Zvx1E_43E3itOp8uaKIVeABXDOGxT48uQC4opIoD3KK04aqkIUJMB4AF8DkjJwT4zA5w,VIT k3soju,9,1,38,2143.160156,197,2,0,2,0,0,1,0,1,0,1,0,1,0,8,0,1,1,0,0,0,2,0,0,2,1,2,0,1,
NA1_5127206423_VeXtOJDJV2Zvx1E_43E3itOp8uaKIVeABXDOGxT48uQC4opIoD3KK04aqkIUJMB4AF8DkjJwT4zA5w,NA1_5127206423,"[""PMD JOE BOOKMARK"", ""TOR Relic"", ""ThisJX"", ""Kole"", ""humble no ego"", ""Choppa"", ""Mean Mister Kien"", ""VIT k3soju""]",1.72814E+12,2105.163330078125,Linux Version 14.19.622.3713 (Sep 28 2024/22:55:56) [PUBLIC] <Releases/14.19>,12,VeXtOJDJV2Zvx1E_43E3itOp8uaKIVeABXDOGxT48uQC4opIoD3KK04aqkIUJMB4AF8DkjJwT4zA5w,VIT k3soju,9,6,27,1560.523438,53,0,4,0,0,0,0,0,0,0,0,2,0,2,1,1,2,1,2,0,0,0,0,1,2,2,0,2,0,
NA1_5127193703_VeXtOJDJV2Zvx1E_43E3itOp8uaKIVeABXDOGxT48uQC4opIoD3KK04aqkIUJMB4AF8DkjJwT4zA5w,NA1_5127193703,"[""me1stor8th"", ""Choppa"", ""ThisJX"", ""setsuko fan acc1"", ""Shuang Shuang"", ""humble no ego"", ""Mean Mister Kien"", ""VIT k3soju""]",1.72814E+12,1900.015869140625,Linux Version 14.19.622.3713 (Sep 28 2024/22:55:56) [PUBLIC] <Releases/14.19>,12,VeXtOJDJV2Zvx1E_43E3itOp8uaKIVeABXDOGxT48uQC4opIoD3KK04aqkIUJMB4AF8DkjJwT4zA5w,VIT k3soju,8,4,31,1718.6448974609375,102,1,0,2,0,0,0,0,7,0,0,0,0,1,2,0,2,1,0,0,2,2,0,0,3,0,2,0,2,
NA1_5127191189_VeXtOJDJV2Zvx1E_43E3itOp8uaKIVeABXDOGxT48uQC4opIoD3KK04aqkIUJMB4AF8DkjJwT4zA5w,NA1_5127191189,"[""LF JOB NYC"", ""Tunapotato"", ""ThisJX"", ""VIT k3soju"", ""Shuang Shuang"", ""humble no ego"", ""Lunarine"", ""G\u00f6\u00f6d Night""]",1.72814E+12,1945.4378662109375,Linux Version 14.19.622.3713 (Sep 28 2024/22:55:56) [PUBLIC] <Releases/14.19>,12,VeXtOJDJV2Zvx1E_43E3itOp8uaKIVeABXDOGxT48uQC4opIoD3KK04aqkIUJMB4AF8DkjJwT4zA5w,VIT k3soju,8,7,28,1623.8746337890625,53,0,2,1,0,0,0,0,0,3,0,0,0,1,0,0,2,0,1,0,0,2,0,1,0,1,0,2,0,
NA1_5127180114_VeXtOJDJV2Zvx1E_43E3itOp8uaKIVeABXDOGxT48uQC4opIoD3KK04aqkIUJMB4AF8DkjJwT4zA5w,NA1_5127180114,"[""Lab 018 biribiri"", ""Game setsuko"", ""Sully"", ""\u51b2\u51b2\u51b2"", ""metzauh"", ""Kurumx"", ""VIT k3soju"", ""VX F2106138897""]",1.72814E+12,2074.375,Linux Version 14.19.622.3713 (Sep 28 2024/22:55:56) [PUBLIC] <Releases/14.19>,12,VeXtOJDJV2Zvx1E_43E3itOp8uaKIVeABXDOGxT48uQC4opIoD3KK04aqkIUJMB4AF8DkjJwT4zA5w,VIT k3soju,9,2,35,2061.207031,130,2,0,2,0,0,0,0,3,0,0,2,0,2,1,0,2,0,0,0,0,1,0,0,2,1,2,0,2,
NA1_5127170274_VeXtOJDJV2Zvx1E_43E3itOp8uaKIVeABXDOGxT48uQC4opIoD3KK04aqkIUJMB4AF8DkjJwT4zA5w,NA1_5127170274,"[""Lab 018 biribiri"", ""Sully"", ""metzauh"", ""MSJ Cosmo"", ""leyvrolx"", ""VIT k3soju"", ""Xender"", ""Kurumx""]",1.72814E+12,1982.0274658203125,Linux Version 14.19.622.3713 (Sep 28 2024/22:55:56) [PUBLIC] <Releases/14.19>,12,VeXtOJDJV2Zvx1E_43E3itOp8uaKIVeABXDOGxT48uQC4opIoD3KK04aqkIUJMB4AF8DkjJwT4zA5w,VIT k3soju,9,2,34,1969.654052734375,105,3,2,0,0,0,0,2,0,0,3,0,0,1,2,0,2,1,0,0,0,0,1,2,3,6,0,0,0,
NA1_5127161628_VeXtOJDJV2Zvx1E_43E3itOp8uaKIVeABXDOGxT48uQC4opIoD3KK04aqkIUJMB4AF8DkjJwT4zA5w,NA1_5127161628,"[""MSJ Cosmo"", ""Game setsuko"", ""Sully"", ""Emailsupport1234"", ""Xender"", ""VIT k3soju"", ""setsuko fan acc1"", ""metzauh""]",1.72813E+12,1973.128662109375,Linux Version 14.19.622.3713 (Sep 28 2024/22:55:56) [PUBLIC] <Releases/14.19>,12,VeXtOJDJV2Zvx1E_43E3itOp8uaKIVeABXDOGxT48uQC4opIoD3KK04aqkIUJMB4AF8DkjJwT4zA5w,VIT k3soju,8,3,33,1893.219970703125,140,0,0,2,0,0,1,1,1,0,0,1,1,2,1,0,0,0,0,0,0,1,0,0,3,1,2,0,2,
NA1_5127153601_VeXtOJDJV2Zvx1E_43E3itOp8uaKIVeABXDOGxT48uQC4opIoD3KK04aqkIUJMB4AF8DkjJwT4zA5w,NA1_5127153601,"[""VIT k3soju"", ""humble no ego"", ""DimDot"", ""setsuko fan acc1"", ""PurePiss"", ""Lelouuch"", ""Sully"", ""Emailsupport1234""]",1.72813E+12,2057.151611328125,Linux Version 14.19.622.3713 (Sep 28 2024/22:55:56) [PUBLIC] <Releases/14.19>,12,VeXtOJDJV2Zvx1E_43E3itOp8uaKIVeABXDOGxT48uQC4opIoD3KK04aqkIUJMB4AF8DkjJwT4zA5w,VIT k3soju,9,3,35,2036.662598,134,0,4,0,0,0,0,0,1,0,0,2,0,2,0,1,4,0,2,0,0,0,0,1,1,2,0,2,0,
NA1_5127148724_VeXtOJDJV2Zvx1E_43E3itOp8uaKIVeABXDOGxT48uQC4opIoD3KK04aqkIUJMB4AF8DkjJwT4zA5w,NA1_5127148724,"[""wang the bang"", ""abcd11"", ""Choppa"", ""NEa1123"", ""TwTV GGitsRyan"", ""Lelouuch"", ""VIT k3soju"", ""TL PockyGom""]",1.72813E+12,2043.268555,Linux Version 14.19.622.3713 (Sep 28 2024/22:55:56) [PUBLIC] <Releases/14.19>,12,VeXtOJDJV2Zvx1E_43E3itOp8uaKIVeABXDOGxT48uQC4opIoD3KK04aqkIUJMB4AF8DkjJwT4zA5w,VIT k3soju,9,7,28,1631.850098,63,0,4,0,0,0,0,0,0,0,0,2,0,2,1,1,2,1,2,0,0,0,0,1,2,2,0,2,0,
NA1_5127149932_VeXtOJDJV2Zvx1E_43E3itOp8uaKIVeABXDOGxT48uQC4opIoD3KK04aqkIUJMB4AF8DkjJwT4zA5w,NA1_5127149932,"[""TwTV GGitsRyan"", ""VIT k3soju"", ""me1stor8th"", ""Rakki Ryu"", ""300 ping pog"", ""abcd11"", ""kjump"", ""LF JOB NYC""]",1.72813E+12,2150.402099609375,Linux Version 14.19.622.3713 (Sep 28 2024/22:55:56) [PUBLIC] <Releases/14.19>,12,VeXtOJDJV2Zvx1E_43E3itOp8uaKIVeABXDOGxT48uQC4opIoD3KK04aqkIUJMB4AF8DkjJwT4zA5w,VIT k3soju,8,5,27,1584.9559326171875,57,1,1,2,0,0,0,5,1,0,0,0,0,0,0,0,2,0,0,0,0,0,1,3,2,1,0,0,0,
NA1_5127140454_VeXtOJDJV2Zvx1E_43E3itOp8uaKIVeABXDOGxT48uQC4opIoD3KK04aqkIUJMB4AF8DkjJwT4zA5w,NA1_5127140454,"[""VX F2106138897"", ""Darvinism"", ""Rennie"", ""Legolas"", ""Fuu\u0422ime"", ""wang the bang"", ""VIT k3soju"", ""MSJ Cosmo""]",1.72813E+12,2091.184082,Linux Version 14.19.622.3713 (Sep 28 2024/22:55:56) [PUBLIC] <Releases/14.19>,12,VeXtOJDJV2Zvx1E_43E3itOp8uaKIVeABXDOGxT48uQC4opIoD3KK04aqkIUJMB4AF8DkjJwT4zA5w,VIT k3soju,8,7,26,1454.694336,46,0,2,2,0,0,0,5,1,0,0,0,0,0,0,0,2,0,0,0,0,0,0,3,2,0,0,1,1,
NA1_5127136096_VeXtOJDJV2Zvx1E_43E3itOp8uaKIVeABXDOGxT48uQC4opIoD3KK04aqkIUJMB4AF8DkjJwT4zA5w,NA1_5127136096,"[""syz fanboy 2"", ""Fuu\u0422ime"", ""VIT k3soju"", ""cutie"", ""Teechu"", ""Rakki Ryu"", ""Roontonzorg"", ""Darvinism""]",1.72812E+12,2114.552490234375,Linux Version 14.19.622.3713 (Sep 28 2024/22:55:56) [PUBLIC] <Releases/14.19>,12,VeXtOJDJV2Zvx1E_43E3itOp8uaKIVeABXDOGxT48uQC4opIoD3KK04aqkIUJMB4AF8DkjJwT4zA5w,VIT k3soju,8,4,34,1900.186279296875,112,1,2,2,0,0,1,0,0,0,1,2,0,0,0,0,2,0,0,0,0,0,0,7,0,0,0,1,1,
NA1_5126781488_VeXtOJDJV2Zvx1E_43E3itOp8uaKIVeABXDOGxT48uQC4opIoD3KK04aqkIUJMB4AF8DkjJwT4zA5w,NA1_5126781488,"[""Quesoul"", ""sakuran"", ""Phoenixaa"", ""G5 Bural"", ""Cottontail"", ""time traveller0"", ""VIT k3soju"", ""DimDot""]",1.72809E+12,1959.875488,Linux Version 14.19.622.3713 (Sep 28 2024/22:55:56) [PUBLIC] <Releases/14.19>,12,VeXtOJDJV2Zvx1E_43E3itOp8uaKIVeABXDOGxT48uQC4opIoD3KK04aqkIUJMB4AF8DkjJwT4zA5w,VIT k3soju,8,2,35,1946.7071533203125,133,2,3,2,0,0,1,0,1,0,0,0,0,2,1,0,2,0,0,0,0,1,0,1,3,2,0,1,2,
NA1_5126757708_VeXtOJDJV2Zvx1E_43E3itOp8uaKIVeABXDOGxT48uQC4opIoD3KK04aqkIUJMB4AF8DkjJwT4zA5w,NA1_5126757708,"[""Phoenixaa"", ""guubums"", ""Marcel P Clash"", ""XTheFarmerX"", ""Cottontail"", ""Mr Tarte"", ""VIT k3soju"", ""dpei""]",1.72809E+12,1969.660645,Linux Version 14.19.622.3713 (Sep 28 2024/22:55:56) [PUBLIC] <Releases/14.19>,12,VeXtOJDJV2Zvx1E_43E3itOp8uaKIVeABXDOGxT48uQC4opIoD3KK04aqkIUJMB4AF8DkjJwT4zA5w,VIT k3soju,8,6,30,1690.5885009765625,69,0,0,0,0,0,1,3,0,0,0,1,0,1,2,0,0,1,0,0,0,0,0,1,2,1,0,0,6,
NA1_5126739019_VeXtOJDJV2Zvx1E_43E3itOp8uaKIVeABXDOGxT48uQC4opIoD3KK04aqkIUJMB4AF8DkjJwT4zA5w,NA1_5126739019,"[""chillmet"", ""POOGERS"", ""XTheFarmerX"", ""Darvinism"", ""TOR Relic"", ""Aesah"", ""Cottontail"", ""VIT k3soju""]",1.72809E+12,2162.64502,Linux Version 14.19.622.3713 (Sep 28 2024/22:55:56) [PUBLIC] <Releases/14.19>,12,VeXtOJDJV2Zvx1E_43E3itOp8uaKIVeABXDOGxT48uQC4opIoD3KK04aqkIUJMB4AF8DkjJwT4zA5w,VIT k3soju,9,1,37,2149.476563,195,5,1,2,0,0,0,5,1,0,0,0,0,0,1,0,2,1,0,0,0,0,0,3,3,1,0,0,1,
NA1_5126716285_VeXtOJDJV2Zvx1E_43E3itOp8uaKIVeABXDOGxT48uQC4opIoD3KK04aqkIUJMB4AF8DkjJwT4zA5w,NA1_5126716285,"[""VIT k3soju"", ""Choppa"", ""dpei"", ""chillmet"", ""Scoped"", ""XTheFarmerX"", ""POOGERS"", ""sunjong kang""]",1.72809E+12,2124.732422,Linux Version 14.19.622.3713 (Sep 28 2024/22:55:56) [PUBLIC] <Releases/14.19>,12,VeXtOJDJV2Zvx1E_43E3itOp8uaKIVeABXDOGxT48uQC4opIoD3KK04aqkIUJMB4AF8DkjJwT4zA5w,VIT k3soju,8,5,28,1588.3782958984375,84,0,0,2,0,0,1,1,1,0,0,0,1,2,2,0,0,0,0,0,0,1,0,0,3,1,2,0,2,
NA1_5126699244_VeXtOJDJV2Zvx1E_43E3itOp8uaKIVeABXDOGxT48uQC4opIoD3KK04aqkIUJMB4AF8DkjJwT4zA5w,NA1_5126699244,"[""imriveting"", ""robinsongz"", ""sunjong kang"", ""VIT k3soju"", ""jasonjava"", ""B\u00e9aster"", ""sakuran"", ""DonoHS""]",1.72808E+12,2124.955322265625,Linux Version 14.19.622.3713 (Sep 28 2024/22:55:56) [PUBLIC] <Releases/14.19>,12,VeXtOJDJV2Zvx1E_43E3itOp8uaKIVeABXDOGxT48uQC4opIoD3KK04aqkIUJMB4AF8DkjJwT4zA5w,VIT k3soju,8,6,28,1642.488281,66,0,1,2,0,0,0,5,1,0,0,0,0,0,0,0,2,0,0,0,0,0,0,3,2,1,0,0,1,
NA1_5126679869_VeXtOJDJV2Zvx1E_43E3itOp8uaKIVeABXDOGxT48uQC4opIoD3KK04aqkIUJMB4AF8DkjJwT4zA5w,NA1_5126679869,"[""Kiyoon"", ""VIT k3soju"", ""Darvinism"", ""Gyradosu"", ""maven"", ""jasonhu432"", ""mindol C"", ""DonoHS""]",1.72808E+12,2249.309326171875,Linux Version 14.19.622.3713 (Sep 28 2024/22:55:56) [PUBLIC] <Releases/14.19>,12,VeXtOJDJV2Zvx1E_43E3itOp8uaKIVeABXDOGxT48uQC4opIoD3KK04aqkIUJMB4AF8DkjJwT4zA5w,VIT k3soju,9,2,41,2235.69043,203,3,4,0,0,0,0,0,0,0,0,2,0,2,1,1,2,1,2,0,0,0,0,1,2,2,0,2,0,
NA1_5126651623_VeXtOJDJV2Zvx1E_43E3itOp8uaKIVeABXDOGxT48uQC4opIoD3KK04aqkIUJMB4AF8DkjJwT4zA5w,NA1_5126651623,"[""DonoHS"", ""igotagudusername"", ""VIT k3soju"", ""mindol C"", ""click my d"", ""jasonhu432"", ""Roontonzorg"", ""MeNoHaxor""]",1.72808E+12,2171.194824,Linux Version 14.19.622.3713 (Sep 28 2024/22:55:56) [PUBLIC] <Releases/14.19>,12,VeXtOJDJV2Zvx1E_43E3itOp8uaKIVeABXDOGxT48uQC4opIoD3KK04aqkIUJMB4AF8DkjJwT4zA5w,VIT k3soju,10,1,38,2158.020996,180,1,5,1,0,0,0,0,1,0,0,2,0,2,1,1,2,1,2,0,0,0,0,1,4,2,0,2,0,
NA1_5126639102_VeXtOJDJV2Zvx1E_43E3itOp8uaKIVeABXDOGxT48uQC4opIoD3KK04aqkIUJMB4AF8DkjJwT4zA5w,NA1_5126639102,"[""tyreaal"", ""Emailsupport1234"", ""Mean Mister Kien"", ""EvilHorseradish"", ""jasonjava"", ""DonoHS"", ""mindol C"", ""VIT k3soju""]",1.72808E+12,1998.740723,Linux Version 14.19.622.3713 (Sep 28 2024/22:55:56) [PUBLIC] <Releases/14.19>,12,VeXtOJDJV2Zvx1E_43E3itOp8uaKIVeABXDOGxT48uQC4opIoD3KK04aqkIUJMB4AF8DkjJwT4zA5w,VIT k3soju,9,6,30,1732.9532470703125,76,0,4,2,0,0,0,1,1,0,0,3,0,2,1,0,4,0,2,0,1,0,0,1,3,2,0,2,0,
NA1_5126616642_VeXtOJDJV2Zvx1E_43E3itOp8uaKIVeABXDOGxT48uQC4opIoD3KK04aqkIUJMB4AF8DkjJwT4zA5w,NA1_5126616642,"[""EvilHorseradish"", ""mindol C"", ""Ushio"", ""robinsongz"", ""Pneuma"", ""Emailsupport1234"", ""GM Blue"", ""VIT k3soju""]",1.72807E+12,1969.030029296875,Linux Version 14.19.622.3713 (Sep 28 2024/22:55:56) [PUBLIC] <Releases/14.19>,12,VeXtOJDJV2Zvx1E_43E3itOp8uaKIVeABXDOGxT48uQC4opIoD3KK04aqkIUJMB4AF8DkjJwT4zA5w,VIT k3soju,9,3,33,1900.4505615234375,55,1,0,2,0,0,0,2,1,0,0,1,0,2,2,0,0,1,0,0,0,1,0,1,4,1,0,0,6,
NA1_5126602404_VeXtOJDJV2Zvx1E_43E3itOp8uaKIVeABXDOGxT48uQC4opIoD3KK04aqkIUJMB4AF8DkjJwT4zA5w,NA1_5126602404,"[""DimDot"", ""pitzy"", ""B\u00e9aster"", ""VIT k3soju"", ""EvilHorseradish"", ""Tropical"", ""mindol C"", ""KellenPastore""]",1.72807E+12,2055.036621,Linux Version 14.19.622.3713 (Sep 28 2024/22:55:56) [PUBLIC] <Releases/14.19>,12,VeXtOJDJV2Zvx1E_43E3itOp8uaKIVeABXDOGxT48uQC4opIoD3KK04aqkIUJMB4AF8DkjJwT4zA5w,VIT k3soju,9,3,34,1974.3695068359375,122,0,4,2,0,0,1,0,1,0,0,2,0,2,2,1,2,1,4,0,0,0,0,1,2,1,2,2,0,
NA1_5126576546_VeXtOJDJV2Zvx1E_43E3itOp8uaKIVeABXDOGxT48uQC4opIoD3KK04aqkIUJMB4AF8DkjJwT4zA5w,NA1_5126576546,"[""bopster"", ""pitzy"", ""PMD LILTOP"", ""VIT k3soju"", ""Bapzera"", ""dpei"", ""guubums"", ""Kleinnnn""]",1.72807E+12,2014.017822265625,Linux Version 14.19.622.3713 (Sep 28 2024/22:55:56) [PUBLIC] <Releases/14.19>,12,VeXtOJDJV2Zvx1E_43E3itOp8uaKIVeABXDOGxT48uQC4opIoD3KK04aqkIUJMB4AF8DkjJwT4zA5w,VIT k3soju,9,5,30,1717.34375,75,1,1,2,0,0,0,5,1,0,0,0,0,1,1,0,2,0,0,0,0,0,0,3,3,2,0,0,1,
NA1_5126567043_VeXtOJDJV2Zvx1E_43E3itOp8uaKIVeABXDOGxT48uQC4opIoD3KK04aqkIUJMB4AF8DkjJwT4zA5w,NA1_5126567043,"[""ArtixRx"", ""VIT k3soju"", ""GM Blue"", ""guubums"", ""2 Brain Cell"", ""eracfles"", ""Kurumx"", ""Sunny""]",1.72807E+12,1979.1907958984375,Linux Version 14.19.622.3713 (Sep 28 2024/22:55:56) [PUBLIC] <Releases/14.19>,12,VeXtOJDJV2Zvx1E_43E3itOp8uaKIVeABXDOGxT48uQC4opIoD3KK04aqkIUJMB4AF8DkjJwT4zA5w,VIT k3soju,8,3,34,1963.069091796875,103,0,1,2,0,0,1,1,0,0,1,3,0,0,0,0,2,0,0,0,0,0,0,7,0,0,0,0,1,
NA1_5126549353_VeXtOJDJV2Zvx1E_43E3itOp8uaKIVeABXDOGxT48uQC4opIoD3KK04aqkIUJMB4AF8DkjJwT4zA5w,NA1_5126549353,"[""RamKev"", ""Appies"", ""PMD LILTOP"", ""guubums"", ""click my d"", ""VIT k3soju"", ""tarmyshane"", ""Atad""]",1.72806E+12,2260.240478515625,Linux Version 14.19.622.3713 (Sep 28 2024/22:55:56) [PUBLIC] <Releases/14.19>,12,VeXtOJDJV2Zvx1E_43E3itOp8uaKIVeABXDOGxT48uQC4opIoD3KK04aqkIUJMB4AF8DkjJwT4zA5w,VIT k3soju,10,1,38,2247.072509765625,201,4,5,0,1,0,0,0,1,0,0,2,0,1,2,1,4,1,4,0,0,0,0,1,3,1,0,2,1,
NA1_5126540048_VeXtOJDJV2Zvx1E_43E3itOp8uaKIVeABXDOGxT48uQC4opIoD3KK04aqkIUJMB4AF8DkjJwT4zA5w,NA1_5126540048,"[""Xnieamo"", ""metzauh"", ""brainlaggg"", ""VIT k3soju"", ""Cane Rack"", ""PMD LILTOP"", ""Mean Mister Kien"", ""2 Brain Cell""]",1.72806E+12,2101.704345703125,Linux Version 14.19.622.3713 (Sep 28 2024/22:55:56) [PUBLIC] <Releases/14.19>,12,VeXtOJDJV2Zvx1E_43E3itOp8uaKIVeABXDOGxT48uQC4opIoD3KK04aqkIUJMB4AF8DkjJwT4zA5w,VIT k3soju,9,5,30,1703.088134765625,67,0,3,0,1,0,0,1,0,0,1,2,0,1,0,1,2,0,6,0,0,0,0,1,0,0,0,2,0,
NA1_5126525324_VeXtOJDJV2Zvx1E_43E3itOp8uaKIVeABXDOGxT48uQC4opIoD3KK04aqkIUJMB4AF8DkjJwT4zA5w,NA1_5126525324,"[""ghetdeg"", ""metzauh"", ""vickrazy"", ""VIT k3soju"", ""arnoldii"", ""Bagel Dry"", ""Amazeng"", ""2 Brain Cell""]",1.72806E+12,2021.3582763671875,Linux Version 14.19.622.3713 (Sep 28 2024/22:55:56) [PUBLIC] <Releases/14.19>,12,VeXtOJDJV2Zvx1E_43E3itOp8uaKIVeABXDOGxT48uQC4opIoD3KK04aqkIUJMB4AF8DkjJwT4zA5w,VIT k3soju,9,1,35,2008.1905517578125,178,3,5,0,0,0,0,0,0,0,0,2,0,2,1,1,2,1,2,0,0,0,0,1,2,2,0,2,0,
NA1_5126517024_VeXtOJDJV2Zvx1E_43E3itOp8uaKIVeABXDOGxT48uQC4opIoD3KK04aqkIUJMB4AF8DkjJwT4zA5w,NA1_5126517024,"[""AceKandil"", ""Appies"", ""RamKev"", ""VIT k3soju"", ""DSJ"", ""MrBombastic"", ""KellenPastore"", ""JusticeSmith""]",1.72806E+12,2108.831787109375,Linux Version 14.19.622.3713 (Sep 28 2024/22:55:56) [PUBLIC] <Releases/14.19>,12,VeXtOJDJV2Zvx1E_43E3itOp8uaKIVeABXDOGxT48uQC4opIoD3KK04aqkIUJMB4AF8DkjJwT4zA5w,VIT k3soju,8,3,33,1889.737548828125,80,2,1,2,0,0,0,5,1,0,0,0,0,0,0,0,2,0,0,0,0,0,0,3,2,1,0,0,1,
NA1_5126509829_VeXtOJDJV2Zvx1E_43E3itOp8uaKIVeABXDOGxT48uQC4opIoD3KK04aqkIUJMB4AF8DkjJwT4zA5w,NA1_5126509829,"[""VIT k3soju"", ""shimapen666"", ""Maple"", ""Sully"", ""mori jp1"", ""leyvrolx"", ""DimDot"", ""wigwugg""]",1.72806E+12,1934.387207,Linux Version 14.19.622.3713 (Sep 28 2024/22:55:56) [PUBLIC] <Releases/14.19>,12,VeXtOJDJV2Zvx1E_43E3itOp8uaKIVeABXDOGxT48uQC4opIoD3KK04aqkIUJMB4AF8DkjJwT4zA5w,VIT k3soju,8,1,35,1921.914306640625,120,1,2,0,0,0,1,0,0,0,0,5,1,2,0,0,2,0,2,0,0,0,0,1,0,0,2,2,1,
NA1_5126499877_VeXtOJDJV2Zvx1E_43E3itOp8uaKIVeABXDOGxT48uQC4opIoD3KK04aqkIUJMB4AF8DkjJwT4zA5w,NA1_5126499877,"[""VIT prestivent"", ""Luqun"", ""VIT k3soju"", ""Lab 018 biribiri"", ""JP m1zono"", ""DimDot"", ""Scoped"", ""Invern""]",1.72805E+12,2099.491211,Linux Version 14.19.622.3713 (Sep 28 2024/22:55:56) [PUBLIC] <Releases/14.19>,12,VeXtOJDJV2Zvx1E_43E3itOp8uaKIVeABXDOGxT48uQC4opIoD3KK04aqkIUJMB4AF8DkjJwT4zA5w,VIT k3soju,9,1,37,2087.324462890625,195,3,2,2,0,0,0,5,1,0,0,0,0,1,1,0,2,1,0,0,0,0,0,3,4,2,0,1,0,
NA1_5126484335_VeXtOJDJV2Zvx1E_43E3itOp8uaKIVeABXDOGxT48uQC4opIoD3KK04aqkIUJMB4AF8DkjJwT4zA5w,NA1_5126484335,"[""VIT k3soju"", ""Invern"", ""\u30c4\u30c4\u30c4"", ""Game setsuko"", ""Ilytra"", ""EUW Spy"", ""ColorLock"", ""Jhinn4""]",1.72805E+12,2322.841309,Linux Version 14.19.622.3713 (Sep 28 2024/22:55:56) [PUBLIC] <Releases/14.19>,12,VeXtOJDJV2Zvx1E_43E3itOp8uaKIVeABXDOGxT48uQC4opIoD3KK04aqkIUJMB4AF8DkjJwT4zA5w,VIT k3soju,10,1,40,2309.671387,174,1,5,2,0,0,0,1,3,0,0,0,0,2,1,1,2,1,0,0,1,2,0,1,3,2,0,1,0,
NA1_5126482163_VeXtOJDJV2Zvx1E_43E3itOp8uaKIVeABXDOGxT48uQC4opIoD3KK04aqkIUJMB4AF8DkjJwT4zA5w,NA1_5126482163,"[""VIT k3soju"", ""Rennie"", ""torontokyoArkjow"", ""wigwugg"", ""DimDot"", ""Tricked"", ""TimTam Bikkies"", ""\u30c4\u30c4\u30c4""]",1.72805E+12,1999.5787353515625,Linux Version 14.19.622.3713 (Sep 28 2024/22:55:56) [PUBLIC] <Releases/14.19>,12,VeXtOJDJV2Zvx1E_43E3itOp8uaKIVeABXDOGxT48uQC4opIoD3KK04aqkIUJMB4AF8DkjJwT4zA5w,VIT k3soju,9,7,28,1656.2279052734375,89,0,0,2,0,0,1,1,1,0,0,0,1,2,3,0,0,1,0,0,0,1,0,0,4,1,2,0,2,
NA1_5126478090_VeXtOJDJV2Zvx1E_43E3itOp8uaKIVeABXDOGxT48uQC4opIoD3KK04aqkIUJMB4AF8DkjJwT4zA5w,NA1_5126478090,"[""DimDot"", ""VIT prestivent"", ""Marcel P Clash"", ""300 ping pog"", ""VIT k3soju"", ""TimTam Bikkies"", ""brainlaggg"", ""Choppa""]",1.72805E+12,2215.253662109375,Linux Version 14.19.622.3713 (Sep 28 2024/22:55:56) [PUBLIC] <Releases/14.19>,12,VeXtOJDJV2Zvx1E_43E3itOp8uaKIVeABXDOGxT48uQC4opIoD3KK04aqkIUJMB4AF8DkjJwT4zA5w,VIT k3soju,8,5,31,1827.5391845703125,68,0,0,2,0,0,0,0,5,0,0,2,0,0,0,0,2,0,0,0,2,1,0,0,1,0,2,0,0,
NA1_5126473736_VeXtOJDJV2Zvx1E_43E3itOp8uaKIVeABXDOGxT48uQC4opIoD3KK04aqkIUJMB4AF8DkjJwT4zA5w,NA1_5126473736,"[""TOR Relic"", ""me1stor8th"", ""Kiyoon"", ""Marcel P Clash"", ""Game setsuko"", ""VIT prestivent"", ""VIT k3soju"", ""300 ping pog""]",1.72804E+12,1962.342041015625,Linux Version 14.19.622.3713 (Sep 28 2024/22:55:56) [PUBLIC] <Releases/14.19>,12,VeXtOJDJV2Zvx1E_43E3itOp8uaKIVeABXDOGxT48uQC4opIoD3KK04aqkIUJMB4AF8DkjJwT4zA5w,VIT k3soju,8,3,33,1891.334228515625,137,1,0,2,0,0,1,1,2,0,0,1,1,1,2,0,0,1,0,0,0,1,0,0,4,1,4,0,0,
NA1_5126467064_VeXtOJDJV2Zvx1E_43E3itOp8uaKIVeABXDOGxT48uQC4opIoD3KK04aqkIUJMB4AF8DkjJwT4zA5w,NA1_5126467064,"[""Sunny Side Up"", ""Yozora Mikazuki"", ""VIT k3soju"", ""Teechu"", ""TOR Relic"", ""TimTam Bikkies"", ""Kiyoon"", ""Game setsuko""]",1.72804E+12,2057.259766,Linux Version 14.19.622.3713 (Sep 28 2024/22:55:56) [PUBLIC] <Releases/14.19>,12,VeXtOJDJV2Zvx1E_43E3itOp8uaKIVeABXDOGxT48uQC4opIoD3KK04aqkIUJMB4AF8DkjJwT4zA5w,VIT k3soju,8,6,31,1815.9276123046875,66,0,4,0,0,0,0,0,0,0,0,2,0,2,0,1,2,0,2,0,0,0,0,1,1,2,0,2,0,
NA1_5126457689_VeXtOJDJV2Zvx1E_43E3itOp8uaKIVeABXDOGxT48uQC4opIoD3KK04aqkIUJMB4AF8DkjJwT4zA5w,NA1_5126457689,"[""dpei"", ""VIT k3soju"", ""ache essay"", ""SpencerTFT"", ""Fuu\u0422ime"", ""DimDot"", ""EhHobak"", ""80IQTFT""]",1.72804E+12,2111.677490234375,Linux Version 14.19.622.3713 (Sep 28 2024/22:55:56) [PUBLIC] <Releases/14.19>,12,VeXtOJDJV2Zvx1E_43E3itOp8uaKIVeABXDOGxT48uQC4opIoD3KK04aqkIUJMB4AF8DkjJwT4zA5w,VIT k3soju,8,8,27,1526.2235107421875,52,0,3,0,0,0,0,1,0,0,0,2,0,2,0,0,2,0,2,0,0,0,0,1,2,2,0,2,0,
NA1_5126460937_VeXtOJDJV2Zvx1E_43E3itOp8uaKIVeABXDOGxT48uQC4opIoD3KK04aqkIUJMB4AF8DkjJwT4zA5w,NA1_5126460937,"[""Hi Im Ted"", ""300 ping pog"", ""brainlaggg"", ""dpei"", ""Fuu\u0422ime"", ""VIT k3soju"", ""Waffle"", ""SpencerTFT""]",1.72804E+12,2032.2725830078125,Linux Version 14.19.622.3713 (Sep 28 2024/22:55:56) [PUBLIC] <Releases/14.19>,12,VeXtOJDJV2Zvx1E_43E3itOp8uaKIVeABXDOGxT48uQC4opIoD3KK04aqkIUJMB4AF8DkjJwT4zA5w,VIT k3soju,8,5,31,1804.118408203125,92,0,1,2,0,0,0,5,1,0,0,0,0,0,0,0,2,0,1,0,0,0,0,3,2,0,0,0,1,
NA1_5126444538_VeXtOJDJV2Zvx1E_43E3itOp8uaKIVeABXDOGxT48uQC4opIoD3KK04aqkIUJMB4AF8DkjJwT4zA5w,NA1_5126444538,"[""VIT k3soju"", ""Squiggle"", ""dpei"", ""SpencerTFT"", ""ache essay"", ""Fuu\u0422ime"", ""Aesah"", ""Sunny Side Up""]",1.72804E+12,2128.052734,Linux Version 14.19.622.3713 (Sep 28 2024/22:55:56) [PUBLIC] <Releases/14.19>,12,VeXtOJDJV2Zvx1E_43E3itOp8uaKIVeABXDOGxT48uQC4opIoD3KK04aqkIUJMB4AF8DkjJwT4zA5w,VIT k3soju,8,5,34,1971.671387,90,1,2,2,0,0,0,1,1,0,1,2,0,0,0,0,2,0,0,0,0,0,0,5,1,0,0,1,1,
NA1_5126446779_VeXtOJDJV2Zvx1E_43E3itOp8uaKIVeABXDOGxT48uQC4opIoD3KK04aqkIUJMB4AF8DkjJwT4zA5w,NA1_5126446779,"[""W\u00edthin"", ""blaade1"", ""Waffle"", ""setsuko fan acc1"", ""300 ping pog"", ""syz fanboy 2"", ""Brucelolll"", ""VIT k3soju""]",1.72803E+12,2025.655273,Linux Version 14.19.622.3713 (Sep 28 2024/22:55:56) [PUBLIC] <Releases/14.19>,12,VeXtOJDJV2Zvx1E_43E3itOp8uaKIVeABXDOGxT48uQC4opIoD3KK04aqkIUJMB4AF8DkjJwT4zA5w,VIT k3soju,9,7,28,1628.887451171875,76,0,0,2,0,0,1,1,3,0,1,0,1,1,1,0,2,1,0,0,0,1,0,0,4,1,2,0,0,
NA1_5126434050_VeXtOJDJV2Zvx1E_43E3itOp8uaKIVeABXDOGxT48uQC4opIoD3KK04aqkIUJMB4AF8DkjJwT4zA5w,NA1_5126434050,"[""VIT prestivent"", ""Waffle"", ""Squiggle"", ""Hi Im Ted"", ""Brucelolll"", ""300 ping pog"", ""VIT k3soju"", ""nctn""]",1.72803E+12,2151.632324,Linux Version 14.19.622.3713 (Sep 28 2024/22:55:56) [PUBLIC] <Releases/14.19>,12,VeXtOJDJV2Zvx1E_43E3itOp8uaKIVeABXDOGxT48uQC4opIoD3KK04aqkIUJMB4AF8DkjJwT4zA5w,VIT k3soju,8,8,27,1579.528076171875,56,0,1,2,0,0,0,5,1,0,0,0,0,0,0,0,2,0,1,0,0,0,0,3,2,0,0,0,1,
NA1_5126422484_VeXtOJDJV2Zvx1E_43E3itOp8uaKIVeABXDOGxT48uQC4opIoD3KK04aqkIUJMB4AF8DkjJwT4zA5w,NA1_5126422484,"[""80IQTFT"", ""Waffle"", ""syz fanboy 2"", ""VIT k3soju"", ""Squiggle"", ""kstchlna"", ""scotty"", ""B\u00e9aster""]",1.72803E+12,2308.081787109375,Linux Version 14.19.622.3713 (Sep 28 2024/22:55:56) [PUBLIC] <Releases/14.19>,12,VeXtOJDJV2Zvx1E_43E3itOp8uaKIVeABXDOGxT48uQC4opIoD3KK04aqkIUJMB4AF8DkjJwT4zA5w,VIT k3soju,9,4,33,1877.151367,111,0,0,1,0,0,1,0,7,0,0,0,1,1,1,0,0,1,2,0,2,0,0,0,3,1,2,1,0,
NA1_5126407898_VeXtOJDJV2Zvx1E_43E3itOp8uaKIVeABXDOGxT48uQC4opIoD3KK04aqkIUJMB4AF8DkjJwT4zA5w,NA1_5126407898,"[""8th player"", ""VIT k3soju"", ""Hi Im Ted"", ""imowt"", ""PanicRoll"", ""Phoenixaa"", ""VIT setsuko"", ""L0VE D1VE""]",1.72803E+12,2088.444580078125,Linux Version 14.19.622.3713 (Sep 28 2024/22:55:56) [PUBLIC] <Releases/14.19>,12,VeXtOJDJV2Zvx1E_43E3itOp8uaKIVeABXDOGxT48uQC4opIoD3KK04aqkIUJMB4AF8DkjJwT4zA5w,VIT k3soju,8,4,33,1874.088379,106,0,2,0,1,0,0,1,0,0,1,2,0,1,0,0,2,0,6,0,0,0,0,1,0,0,0,2,0,
NA1_5125865942_VeXtOJDJV2Zvx1E_43E3itOp8uaKIVeABXDOGxT48uQC4opIoD3KK04aqkIUJMB4AF8DkjJwT4zA5w,NA1_5125865942,"[""ArtixRx"", ""metzauh"", ""zjy"", ""Knakrack"", ""VXEB2847261"", ""DimDot"", ""VIT k3soju"", ""Sylphiettee""]",1.72797E+12,2002.884521484375,Linux Version 14.19.622.3713 (Sep 28 2024/22:55:56) [PUBLIC] <Releases/14.19>,12,VeXtOJDJV2Zvx1E_43E3itOp8uaKIVeABXDOGxT48uQC4opIoD3KK04aqkIUJMB4AF8DkjJwT4zA5w,VIT k3soju,9,2,35,1989.8165283203125,143,1,2,0,0,0,0,2,0,0,0,3,0,1,2,0,2,1,0,0,0,0,0,3,2,0,0,1,6,
NA1_5125850620_VeXtOJDJV2Zvx1E_43E3itOp8uaKIVeABXDOGxT48uQC4opIoD3KK04aqkIUJMB4AF8DkjJwT4zA5w,NA1_5125850620,"[""VIT k3soju"", ""WutPu"", ""ColorLock"", ""me1stor8th"", ""Phoenixaa"", ""Tej"", ""mnngfk"", ""zjy""]",1.72797E+12,2042.2537841796875,Linux Version 14.19.622.3713 (Sep 28 2024/22:55:56) [PUBLIC] <Releases/14.19>,12,VeXtOJDJV2Zvx1E_43E3itOp8uaKIVeABXDOGxT48uQC4opIoD3KK04aqkIUJMB4AF8DkjJwT4zA5w,VIT k3soju,9,7,27,1569.6646728515625,72,0,0,2,0,0,1,2,1,0,0,0,1,2,2,0,0,1,0,0,0,1,0,0,5,2,2,0,2,
NA1_5125831085_VeXtOJDJV2Zvx1E_43E3itOp8uaKIVeABXDOGxT48uQC4opIoD3KK04aqkIUJMB4AF8DkjJwT4zA5w,NA1_5125831085,"[""Flandre"", ""Homurakuma"", ""VIT prestivent"", ""Cottontail"", ""syz fanboy 2"", ""VIT k3soju"", ""night tft"", ""sunjong kang""]",1.72796E+12,2115.017333984375,Linux Version 14.19.622.3713 (Sep 28 2024/22:55:56) [PUBLIC] <Releases/14.19>,12,VeXtOJDJV2Zvx1E_43E3itOp8uaKIVeABXDOGxT48uQC4opIoD3KK04aqkIUJMB4AF8DkjJwT4zA5w,VIT k3soju,9,1,35,2101.849121,169,3,1,2,0,0,0,5,1,0,0,0,0,0,1,0,2,1,1,0,0,0,0,3,3,1,0,0,0,
NA1_5125820669_VeXtOJDJV2Zvx1E_43E3itOp8uaKIVeABXDOGxT48uQC4opIoD3KK04aqkIUJMB4AF8DkjJwT4zA5w,NA1_5125820669,"[""Cottontail"", ""ConnorBedardSZN"", ""VIT k3soju"", ""LadyLuck"", ""destined journey"", ""Homurakuma"", ""VIT prestivent"", ""Marcel P Clash""]",1.72796E+12,1995.203369140625,Linux Version 14.19.622.3713 (Sep 28 2024/22:55:56) [PUBLIC] <Releases/14.19>,12,VeXtOJDJV2Zvx1E_43E3itOp8uaKIVeABXDOGxT48uQC4opIoD3KK04aqkIUJMB4AF8DkjJwT4zA5w,VIT k3soju,8,8,27,1577.755615234375,43,0,0,2,0,0,0,2,1,0,0,0,0,2,2,0,0,1,0,0,0,1,0,0,4,2,0,0,2,
NA1_5125820116_VeXtOJDJV2Zvx1E_43E3itOp8uaKIVeABXDOGxT48uQC4opIoD3KK04aqkIUJMB4AF8DkjJwT4zA5w,NA1_5125820116,"[""Flandre"", ""destined journey"", ""VIT prestivent"", ""ConnorBedardSZN"", ""VIT k3soju"", ""Homurakuma"", ""LadyLuck"", ""Cottontail""]",1.72795E+12,2073.634521484375,Linux Version 14.19.622.3713 (Sep 28 2024/22:55:56) [PUBLIC] <Releases/14.19>,12,VeXtOJDJV2Zvx1E_43E3itOp8uaKIVeABXDOGxT48uQC4opIoD3KK04aqkIUJMB4AF8DkjJwT4zA5w,VIT k3soju,9,3,34,2048.900879,134,0,0,2,0,0,1,2,2,0,0,0,1,1,2,0,1,1,0,0,0,1,0,0,4,2,2,0,0,
NA1_5125812431_VeXtOJDJV2Zvx1E_43E3itOp8uaKIVeABXDOGxT48uQC4opIoD3KK04aqkIUJMB4AF8DkjJwT4zA5w,NA1_5125812431,"[""VIT k3soju"", ""VIT prestivent"", ""Marcel P Clash"", ""LadyLuck"", ""Cottontail"", ""Xender"", ""JP m1zono"", ""Kurumx""]",1.72795E+12,2209.337402,Linux Version 14.19.622.3713 (Sep 28 2024/22:55:56) [PUBLIC] <Releases/14.19>,12,VeXtOJDJV2Zvx1E_43E3itOp8uaKIVeABXDOGxT48uQC4opIoD3KK04aqkIUJMB4AF8DkjJwT4zA5w,VIT k3soju,9,3,34,2003.0408935546875,118,1,2,2,0,0,0,5,1,0,0,0,0,0,0,0,2,0,0,0,0,0,0,3,2,1,0,2,1,
NA1_5125802726_VeXtOJDJV2Zvx1E_43E3itOp8uaKIVeABXDOGxT48uQC4opIoD3KK04aqkIUJMB4AF8DkjJwT4zA5w,NA1_5125802726,"[""Marcel P Clash"", ""VIT prestivent"", ""B\u00e9aster"", ""VIT k3soju"", ""Cheeky Wombat"", ""ManChodi"", ""Lelouuch"", ""Draeko""]",1.72795E+12,2154.887695,Linux Version 14.19.622.3713 (Sep 28 2024/22:55:56) [PUBLIC] <Releases/14.19>,12,VeXtOJDJV2Zvx1E_43E3itOp8uaKIVeABXDOGxT48uQC4opIoD3KK04aqkIUJMB4AF8DkjJwT4zA5w,VIT k3soju,9,2,37,2141.970215,151,3,1,2,0,0,0,5,1,0,0,0,0,0,1,0,2,1,1,0,0,0,0,3,3,1,0,0,0,
NA1_5125803810_VeXtOJDJV2Zvx1E_43E3itOp8uaKIVeABXDOGxT48uQC4opIoD3KK04aqkIUJMB4AF8DkjJwT4zA5w,NA1_5125803810,"[""aeronets"", ""Allen"", ""BeautyHuntersa"", ""jeddi"", ""VIT k3soju"", ""night tft"", ""syz"", ""Sir Alonx""]",1.72795E+12,2024.5206298828125,Linux Version 14.19.622.3713 (Sep 28 2024/22:55:56) [PUBLIC] <Releases/14.19>,12,VeXtOJDJV2Zvx1E_43E3itOp8uaKIVeABXDOGxT48uQC4opIoD3KK04aqkIUJMB4AF8DkjJwT4zA5w,VIT k3soju,9,2,34,2011.853271484375,130,0,4,2,0,0,0,0,1,0,0,2,0,1,1,1,1,1,1,0,0,0,0,1,4,2,2,1,2,
NA1_5125789295_VeXtOJDJV2Zvx1E_43E3itOp8uaKIVeABXDOGxT48uQC4opIoD3KK04aqkIUJMB4AF8DkjJwT4zA5w,NA1_5125789295,"[""\u9818\u57df\u5c55\u958b"", ""tacticalgenius1"", ""Marcel P Clash"", ""syz"", ""VIT k3soju"", ""Allen"", ""Rennie"", ""PMD LILTOP""]",1.72794E+12,1836.151367,Linux Version 14.19.622.3713 (Sep 28 2024/22:55:56) [PUBLIC] <Releases/14.19>,12,VeXtOJDJV2Zvx1E_43E3itOp8uaKIVeABXDOGxT48uQC4opIoD3KK04aqkIUJMB4AF8DkjJwT4zA5w,VIT k3soju,9,7,27,1550.752197265625,64,0,3,2,0,0,0,0,5,0,0,1,0,0,0,1,0,0,0,0,2,1,0,0,1,1,2,1,0,
NA1_5125782749_VeXtOJDJV2Zvx1E_43E3itOp8uaKIVeABXDOGxT48uQC4opIoD3KK04aqkIUJMB4AF8DkjJwT4zA5w,NA1_5125782749,"[""VIT k3soju"", ""\u9818\u57df\u5c55\u958b"", ""tacticalgenius1"", ""Cottontail"", ""Riptide"", ""LadyLuck"", ""HowTo"", ""VIT setsuko""]",1.72794E+12,2045.520996,Linux Version 14.19.622.3713 (Sep 28 2024/22:55:56) [PUBLIC] <Releases/14.19>,12,VeXtOJDJV2Zvx1E_43E3itOp8uaKIVeABXDOGxT48uQC4opIoD3KK04aqkIUJMB4AF8DkjJwT4zA5w,VIT k3soju,8,3,34,1900.170166015625,114,1,3,0,0,0,0,1,0,0,0,6,0,1,0,0,2,0,2,0,0,0,0,3,0,1,1,2,1,
NA1_5125764510_VeXtOJDJV2Zvx1E_43E3itOp8uaKIVeABXDOGxT48uQC4opIoD3KK04aqkIUJMB4AF8DkjJwT4zA5w,NA1_5125764510,"[""HowTo"", ""VIT k3soju"", ""B\u00e9aster"", ""LemonVip"", ""PestControl"", ""PanicRoll"", ""Game setsuko"", ""dpei""]",1.72794E+12,1964.257813,Linux Version 14.19.622.3713 (Sep 28 2024/22:55:56) [PUBLIC] <Releases/14.19>,12,VeXtOJDJV2Zvx1E_43E3itOp8uaKIVeABXDOGxT48uQC4opIoD3KK04aqkIUJMB4AF8DkjJwT4zA5w,VIT k3soju,8,5,28,1587.3858642578125,73,0,3,0,0,0,0,1,0,0,1,2,0,1,0,0,2,0,4,0,0,0,0,1,0,1,0,2,0,
NA1_5125747442_VeXtOJDJV2Zvx1E_43E3itOp8uaKIVeABXDOGxT48uQC4opIoD3KK04aqkIUJMB4AF8DkjJwT4zA5w,NA1_5125747442,"[""VIT k3soju"", ""VIT setsuko"", ""jasonjava"", ""ConnorBedardSZN"", ""ManChodi"", ""Myrostik"", ""Dreynox"", ""PanicRoll""]",1.72794E+12,2233.114501953125,Linux Version 14.19.622.3713 (Sep 28 2024/22:55:56) [PUBLIC] <Releases/14.19>,12,VeXtOJDJV2Zvx1E_43E3itOp8uaKIVeABXDOGxT48uQC4opIoD3KK04aqkIUJMB4AF8DkjJwT4zA5w,VIT k3soju,8,4,32,1848.9222412109375,96,1,4,2,0,0,0,0,3,0,0,0,0,0,0,1,2,0,0,0,1,2,0,1,1,1,0,1,0,
NA1_5125201858_VeXtOJDJV2Zvx1E_43E3itOp8uaKIVeABXDOGxT48uQC4opIoD3KK04aqkIUJMB4AF8DkjJwT4zA5w,NA1_5125201858,"[""DimDot"", ""Luqun"", ""VIT k3soju"", ""Sunny Side Up"", ""Koboku Klicker"", ""Marcel P Clash"", ""Kurumx"", ""CPopSmoke""]",1.72787E+12,2031.9473876953125,Linux Version 14.19.622.3713 (Sep 28 2024/22:55:56) [PUBLIC] <Releases/14.19>,12,VeXtOJDJV2Zvx1E_43E3itOp8uaKIVeABXDOGxT48uQC4opIoD3KK04aqkIUJMB4AF8DkjJwT4zA5w,VIT k3soju,9,3,33,1890.387695,118,1,0,2,0,0,1,0,1,0,0,0,1,1,6,0,1,1,0,0,0,2,0,0,2,0,2,0,2,
NA1_5125189332_VeXtOJDJV2Zvx1E_43E3itOp8uaKIVeABXDOGxT48uQC4opIoD3KK04aqkIUJMB4AF8DkjJwT4zA5w,NA1_5125189332,"[""TwTV GGitsRyan"", ""dpei"", ""DoYouWantSomeTea"", ""149cm"", ""VIT k3soju"", ""Sunny Side Up"", ""300 ping pog"", ""META Souless""]",1.72787E+12,1940.408691,Linux Version 14.19.622.3713 (Sep 28 2024/22:55:56) [PUBLIC] <Releases/14.19>,12,VeXtOJDJV2Zvx1E_43E3itOp8uaKIVeABXDOGxT48uQC4opIoD3KK04aqkIUJMB4AF8DkjJwT4zA5w,VIT k3soju,9,1,35,1928.1378173828125,173,2,0,2,0,1,0,1,2,0,0,0,0,6,2,0,0,1,0,0,2,1,0,0,4,1,0,0,2,
NA1_5125184527_VeXtOJDJV2Zvx1E_43E3itOp8uaKIVeABXDOGxT48uQC4opIoD3KK04aqkIUJMB4AF8DkjJwT4zA5w,NA1_5125184527,"[""mode"", ""VIT k3soju"", ""nctn"", ""Emailsupport1234"", ""TwTV GGitsRyan"", ""mintmax"", ""Sunny Side Up"", ""ElhaproNA""]",1.72787E+12,2101.442626953125,Linux Version 14.19.622.3713 (Sep 28 2024/22:55:56) [PUBLIC] <Releases/14.19>,12,VeXtOJDJV2Zvx1E_43E3itOp8uaKIVeABXDOGxT48uQC4opIoD3KK04aqkIUJMB4AF8DkjJwT4zA5w,VIT k3soju,9,5,31,1851.3289794921875,99,0,4,0,0,0,0,2,0,0,2,0,0,1,0,1,2,0,1,0,0,0,0,2,3,4,0,1,0,
NA1_5125180124_VeXtOJDJV2Zvx1E_43E3itOp8uaKIVeABXDOGxT48uQC4opIoD3KK04aqkIUJMB4AF8DkjJwT4zA5w,NA1_5125180124,"[""VIT k3soju"", ""oceanair12"", ""syz fanboy 2"", ""wang the bang"", ""Marcel P Clash"", ""Dishsoap"", ""VIT prestivent"", ""Emailsupport1234""]",1.72786E+12,1987.300781,Linux Version 14.19.622.3713 (Sep 28 2024/22:55:56) [PUBLIC] <Releases/14.19>,12,VeXtOJDJV2Zvx1E_43E3itOp8uaKIVeABXDOGxT48uQC4opIoD3KK04aqkIUJMB4AF8DkjJwT4zA5w,VIT k3soju,9,2,34,1973.118896484375,177,3,0,2,0,0,1,1,2,0,0,1,1,1,2,0,0,1,0,0,0,1,0,0,4,1,4,0,0,
NA1_5125173877_VeXtOJDJV2Zvx1E_43E3itOp8uaKIVeABXDOGxT48uQC4opIoD3KK04aqkIUJMB4AF8DkjJwT4zA5w,NA1_5125173877,"[""Carelessd"", ""11lumin"", ""VIT k3soju"", ""me1stor8th"", ""Dishsoap"", ""Desperader"", ""auqaa"", ""Bruhbruhbruh WHO""]",1.72786E+12,2352.933837890625,Linux Version 14.19.622.3713 (Sep 28 2024/22:55:56) [PUBLIC] <Releases/14.19>,12,VeXtOJDJV2Zvx1E_43E3itOp8uaKIVeABXDOGxT48uQC4opIoD3KK04aqkIUJMB4AF8DkjJwT4zA5w,VIT k3soju,9,3,37,2165.949219,138,2,1,2,0,0,0,5,1,0,0,0,0,0,1,0,2,1,0,0,0,0,0,3,3,1,0,0,1,
NA1_5125165850_VeXtOJDJV2Zvx1E_43E3itOp8uaKIVeABXDOGxT48uQC4opIoD3KK04aqkIUJMB4AF8DkjJwT4zA5w,NA1_5125165850,"[""VIT prestivent"", ""Aesah"", ""VIT k3soju"", ""dankmemes01"", ""Hamtaro"", ""Dino0228"", ""\u9cc4\u4e86\u4e48\u9a91\u624b\u96f7\u514b\u987f"", ""TwTV GGitsRyan""]",1.72786E+12,1958.542724609375,Linux Version 14.19.622.3713 (Sep 28 2024/22:55:56) [PUBLIC] <Releases/14.19>,12,VeXtOJDJV2Zvx1E_43E3itOp8uaKIVeABXDOGxT48uQC4opIoD3KK04aqkIUJMB4AF8DkjJwT4zA5w,VIT k3soju,8,7,27,1566.7291259765625,24,0,2,1,0,0,0,0,7,0,0,0,0,0,0,1,0,0,1,0,2,0,0,0,1,0,1,2,0,
NA1_5125149461_VeXtOJDJV2Zvx1E_43E3itOp8uaKIVeABXDOGxT48uQC4opIoD3KK04aqkIUJMB4AF8DkjJwT4zA5w,NA1_5125149461,"[""VIT k3soju"", ""Notes"", ""tintt"", ""11lumin"", ""WahoopaUnbound"", ""ManChodi"", ""oceanair12"", ""PanicRoll""]",1.72786E+12,2219.446777,Linux Version 14.19.622.3713 (Sep 28 2024/22:55:56) [PUBLIC] <Releases/14.19>,12,VeXtOJDJV2Zvx1E_43E3itOp8uaKIVeABXDOGxT48uQC4opIoD3KK04aqkIUJMB4AF8DkjJwT4zA5w,VIT k3soju,8,7,28,1647.5081787109375,71,0,2,2,0,0,0,0,3,0,0,0,0,2,0,0,0,0,1,0,2,1,0,0,1,1,0,2,1,
NA1_5125141390_VeXtOJDJV2Zvx1E_43E3itOp8uaKIVeABXDOGxT48uQC4opIoD3KK04aqkIUJMB4AF8DkjJwT4zA5w,NA1_5125141390,"[""Xender"", ""TwTV GGitsRyan"", ""VIT k3soju"", ""jeddi"", ""Dishsoap"", ""VIT setsuko"", ""ManChodi"", ""Marcel P Clash""]",1.72785E+12,2109.480469,Linux Version 14.19.622.3713 (Sep 28 2024/22:55:56) [PUBLIC] <Releases/14.19>,12,VeXtOJDJV2Zvx1E_43E3itOp8uaKIVeABXDOGxT48uQC4opIoD3KK04aqkIUJMB4AF8DkjJwT4zA5w,VIT k3soju,8,6,26,1499.104736328125,29,0,1,2,0,0,0,5,1,0,0,0,0,0,0,0,2,0,0,0,0,0,0,3,2,1,0,0,1,
NA1_5125129089_VeXtOJDJV2Zvx1E_43E3itOp8uaKIVeABXDOGxT48uQC4opIoD3KK04aqkIUJMB4AF8DkjJwT4zA5w,NA1_5125129089,"[""Game setsuko"", ""Sunny"", ""Kurumx"", ""Marcel P Clash"", ""forsen smurf acc"", ""VIT k3soju"", ""robinsongz"", ""nctn""]",1.72785E+12,2056.433349609375,Linux Version 14.19.622.3713 (Sep 28 2024/22:55:56) [PUBLIC] <Releases/14.19>,12,VeXtOJDJV2Zvx1E_43E3itOp8uaKIVeABXDOGxT48uQC4opIoD3KK04aqkIUJMB4AF8DkjJwT4zA5w,VIT k3soju,9,3,34,1973.7572021484375,128,3,1,2,0,0,0,5,1,0,0,0,0,0,1,0,2,1,0,0,0,0,0,3,3,1,0,0,1,
NA1_5125109269_VeXtOJDJV2Zvx1E_43E3itOp8uaKIVeABXDOGxT48uQC4opIoD3KK04aqkIUJMB4AF8DkjJwT4zA5w,NA1_5125109269,"[""149cm"", ""Dino0228"", ""Phoenixaa"", ""VIT setsuko"", ""Kurumx"", ""Xender"", ""Marcel P Clash"", ""VIT k3soju""]",1.72785E+12,2154.152344,Linux Version 14.19.622.3713 (Sep 28 2024/22:55:56) [PUBLIC] <Releases/14.19>,12,VeXtOJDJV2Zvx1E_43E3itOp8uaKIVeABXDOGxT48uQC4opIoD3KK04aqkIUJMB4AF8DkjJwT4zA5w,VIT k3soju,9,2,38,2136.427734,172,3,0,0,0,0,3,0,1,0,3,0,1,0,1,0,2,0,0,1,0,0,3,0,0,0,2,2,0,
NA1_5125084364_VeXtOJDJV2Zvx1E_43E3itOp8uaKIVeABXDOGxT48uQC4opIoD3KK04aqkIUJMB4AF8DkjJwT4zA5w,NA1_5125084364,"[""Bruhbruhbruh WHO"", ""iFalse"", ""robinsongz"", ""VIT k3soju"", ""nctn"", ""PanicRoll"", ""META Souless"", ""Phoenixaa""]",1.72785E+12,2129.125244140625,Linux Version 14.19.622.3713 (Sep 28 2024/22:55:56) [PUBLIC] <Releases/14.19>,12,VeXtOJDJV2Zvx1E_43E3itOp8uaKIVeABXDOGxT48uQC4opIoD3KK04aqkIUJMB4AF8DkjJwT4zA5w,VIT k3soju,9,1,37,2116.098876953125,184,3,3,0,0,0,0,0,0,0,0,2,0,2,2,1,0,1,2,0,0,0,0,0,2,2,2,2,0,
NA1_5125065278_VeXtOJDJV2Zvx1E_43E3itOp8uaKIVeABXDOGxT48uQC4opIoD3KK04aqkIUJMB4AF8DkjJwT4zA5w,NA1_5125065278,"[""click my d"", ""VIT k3soju"", ""Luqun"", ""Filup"", ""flamez"", ""VIT setsuko"", ""B\u00e9aster"", ""imriveting""]",1.72785E+12,1915.345458984375,Linux Version 14.19.622.3713 (Sep 28 2024/22:55:56) [PUBLIC] <Releases/14.19>,12,VeXtOJDJV2Zvx1E_43E3itOp8uaKIVeABXDOGxT48uQC4opIoD3KK04aqkIUJMB4AF8DkjJwT4zA5w,VIT k3soju,9,8,24,1365.9984130859375,20,0,3,2,0,0,1,0,1,0,1,0,1,1,1,1,1,0,0,0,0,1,0,0,2,2,2,1,0,
NA1_5125039870_VeXtOJDJV2Zvx1E_43E3itOp8uaKIVeABXDOGxT48uQC4opIoD3KK04aqkIUJMB4AF8DkjJwT4zA5w,NA1_5125039870,"[""Luqun"", ""imriveting"", ""B\u00e9aster"", ""VIT k3soju"", ""JZhu"", ""Bruhbruhbruh WHO"", ""DimDot"", ""dehua""]",1.72784E+12,1993.7950439453125,Linux Version 14.19.622.3713 (Sep 28 2024/22:55:56) [PUBLIC] <Releases/14.19>,12,VeXtOJDJV2Zvx1E_43E3itOp8uaKIVeABXDOGxT48uQC4opIoD3KK04aqkIUJMB4AF8DkjJwT4zA5w,VIT k3soju,9,1,35,1980.583984,169,4,3,2,0,0,1,3,1,0,0,0,1,0,2,1,2,0,0,0,0,2,0,1,3,2,2,1,0,
